User id,nÂ° Followers,Scree_name,Name,Url,Profile,type
1049475664804532225,50264,BulwarkOnline,The Bulwark,,https://twitter.com/BulwarkOnline,right leaning
800707492346925056,359036,axios,Axios,https://t.co/2o3tCObc9E,https://twitter.com/axios,left leaning
2097571,10848588,cnni,CNN International,http://t.co/kdkv08KSgi,https://twitter.com/cnni,left leaning
1877831,2050825,nytimesworld,New York Times World,https://t.co/JSlkdhLzCD,https://twitter.com/nytimesworld,left leaning
16184358,1812412,CNNBusiness,CNN Business,https://t.co/ZLgYiheZkS,https://twitter.com/CNNBusiness,left leaning
86141342,1449853,ABCWorldNews,World News Tonight,https://t.co/1JqJIy04SL,https://twitter.com/ABCWorldNews,left leaning
15458694,1433453,HuffPostPol,HuffPost Politics,https://t.co/tn6MKaH6mv,https://twitter.com/HuffPostPol,left
18812572,1074520,60Minutes,60 Minutes,http://t.co/Pft3t3QVRP,https://twitter.com/60Minutes,left leaning
16815644,907794,ABCPolitics,ABC News Politics,https://t.co/SO3M0qceOH,https://twitter.com/ABCPolitics,left leaning
2329066872,827209,theintercept,The Intercept,https://t.co/PW7mSA7fVT,https://twitter.com/theintercept,left
21258337,817121,TheView,The View,https://t.co/mToQBTQhqU,https://twitter.com/TheView,left leaning
9567972,431784,CNNnewsroom,CNN Newsroom,https://t.co/M0A3HjsFdP,https://twitter.com/CNNnewsroom,left leaning
37764422,416698,foxnation,Fox Nation,https://t.co/rNmoxNzHmP,https://twitter.com/foxnation,right
14345062,395041,postpolitics,Post Politics,http://t.co/da2SZlMRXP,https://twitter.com/postpolitics,left leaning
426802833,365828,AP_Politics,AP Politics,https://t.co/oS489jIdWx,https://twitter.com/AP_Politics,center
227682918,269603,bopinion,Bloomberg Opinion,https://t.co/eY4AY2rZeQ,https://twitter.com/bopinion,left leaning
450941680,197776,ThisWeekABC,This Week,https://t.co/0n1WC6cf7z,https://twitter.com/ThisWeekABC,left leaning
1176994477,187755,TheLeadCNN,The Lead CNN,http://t.co/Ioy35ZzEhw,https://twitter.com/TheLeadCNN,left leaning
71349174,147285,CNNPR,CNN Communications,https://t.co/4HAUyUJEvv,https://twitter.com/CNNPR,left leaning
34613951,118244,BLaw,Bloomberg Law,https://t.co/Xw5gwUTtlH,https://twitter.com/BLaw,left leaning
45565185,77092,intelligencer,Intelligencer,https://t.co/KgHhsTvlol,https://twitter.com/intelligencer,left
851526166100029442,67610,NextRevFNC,The Next Revolution,https://t.co/NKSexqASJ4,https://twitter.com/NextRevFNC,right
14345812,65051,PostOpinions,Washington Post Opinions,https://t.co/OitrwLa5fI,https://twitter.com/PostOpinions,left leaning
384438102,60735,ABCNewsLive,ABC News Live,https://t.co/M8twTfNNPu,https://twitter.com/ABCNewsLive,left leaning
1216793092134723586,55755,JustTheNews,Just the News,https://t.co/A1o1oxZY4W,https://twitter.com/JustTheNews,right
407464670,31384,APFactCheck,AP Fact Check,https://t.co/udkQ1Q00bq,https://twitter.com/APFactCheck,center
1158638582,30154,nypmetro,New York Post Metro,http://t.co/ccjpaO94C4,https://twitter.com/nypmetro,right leaning
846354889819279360,16535,thefix,The Fix,https://t.co/BmDoqmnjst,https://twitter.com/thefix,left leaning
1917731,3807827,thehill,The Hill,http://t.co/t414UtTRv4,https://twitter.com/thehill,center
2467791,15931110,washingtonpost,The Washington Post,http://t.co/Hq7hTYkOPg,https://twitter.com/washingtonpost,left leaning
15115280,329567,PalmerReport,Palmer Report,https://t.co/1OJ2cVYAy2,https://twitter.com/PalmerReport,left
39308549,672336,DailyCaller,Daily Caller,https://t.co/3mWCnk49Lp,https://twitter.com/DailyCaller,right
14511951,11473895,HuffPost,HuffPost,https://t.co/DLXRSufyhx,https://twitter.com/HuffPost,left
14677919,8910854,NewYorker,The New Yorker,https://t.co/RLTwD4X3RQ,https://twitter.com/NewYorker,left
16973333,3264130,Independent,The Independent,https://t.co/ENon5VCZ03,https://twitter.com/Independent,left leaning
16041234,213820,RawStory,Raw Story,http://t.co/7WT15Zb8IE,https://twitter.com/RawStory,left
25202268,1217750,SaraCarterDC,Sara A. Carter,https://t.co/SZ0zbfRggH,https://twitter.com/SaraCarterDC,right
9300262,4200091,politico,POLITICO,https://t.co/PPMyQsPlIg,https://twitter.com/politico,left leaning
16664681,3626571,latimes,Los Angeles Times,https://t.co/eTksmynSH7,https://twitter.com/latimes,left leaning
523248016,638294,jsolomonReports,John Solomon,,https://twitter.com/jsolomonReports,right
19417492,344621,NRO,National Review,https://t.co/s00ora6By7,https://twitter.com/NRO,right
5695632,6546621,BuzzFeed,BuzzFeed,https://t.co/iiAufe34NG,https://twitter.com/BuzzFeed,left leaning
64643056,3074244,RT_com,RT,http://t.co/bDDyvy9DmR,https://twitter.com/RT_com,fake
18510860,832019,MotherJones,Mother Jones,https://t.co/F0ddSvYEjy,https://twitter.com/MotherJones,left
7597712,66831,PJMedia_com,PJ Media,https://t.co/ZIWNSjbv9A,https://twitter.com/PJMedia_com,extremely biased right
3530404094,444605,DavidJHarrisJr,David J Harris Jr,https://t.co/VS2JS8vbO7,https://twitter.com/DavidJHarrisJr,fake
2836421,3421840,MSNBC,MSNBC,https://t.co/5TAF6ijWwt,https://twitter.com/MSNBC,left
34713362,6452487,business,Bloomberg,http://t.co/YFISwy1upH,https://twitter.com/business,left leaning
20818801,286744,dailykos,Daily Kos,http://t.co/HnG4qwurxx,https://twitter.com/dailykos,left
20545835,120186,newsmax,Newsmax,http://t.co/x0Mdx0P2eO,https://twitter.com/newsmax,extremely biased right
232901331,1886931,dbongino,Dan Bongino,https://t.co/eNhMvTGdKP,https://twitter.com/dbongino,extremely biased right
16012783,1278388,thedailybeast,The Daily Beast,https://t.co/68iIwjpBjB,https://twitter.com/thedailybeast,left
594886554,168833,TheLastRefuge2,TheLastRefuge,http://t.co/qj02GhNYDx,https://twitter.com/TheLastRefuge2,fake
87818409,8917427,guardian,The Guardian,https://t.co/c53pnmnuIT,https://twitter.com/guardian,left leaning
7587032,6177714,SkyNews,SkyNews,https://t.co/SnOv0usOtw,https://twitter.com/SkyNews,center
18956073,243330,dcexaminer,Washington Examiner,http://t.co/yIzleEakTJ,https://twitter.com/dcexaminer,right
15164565,1798300,Slate,Slate,https://t.co/XZd456t4yn,https://twitter.com/Slate,left
380285402,292320,DailyMail,Daily Mail US,http://t.co/fT7KB2wyqg,https://twitter.com/DailyMail,extremely biased right
20402945,3658178,CNBC,CNBC,https://t.co/fdcFKDtOzb,https://twitter.com/CNBC,left leaning
14792049,76491,politicususa,PoliticusUSA,https://t.co/1JSAvM4CSt,https://twitter.com/politicususa,left
16955991,973180,Salon,Salon,https://t.co/Ki3WQi67fP,https://twitter.com/Salon,left
28785486,15704094,ABC,ABC News,https://t.co/B4vihbwCGa,https://twitter.com/ABC,left leaning
3092154496,128424,true_pundit,True Pundit,https://t.co/y3N52w0iTz,https://twitter.com/true_pundit,fake
1209936918,844197,OANN,One America News,http://t.co/pWqf41e3no,https://twitter.com/OANN,fake
15012486,7630282,CBSNews,CBS News,https://t.co/VGut7r2Vg5,https://twitter.com/CBSNews,left leaning
17469289,1667154,nypost,New York Post,https://t.co/MwyanWdKnl,https://twitter.com/nypost,right leaning
7309052,1110804,YahooNews,Yahoo News,https://t.co/Ax0xumkNGe,https://twitter.com/YahooNews,left leaning
2884771,3449950,Newsweek,Newsweek,https://t.co/92gD7evE72,https://twitter.com/Newsweek,center
28614262,163270,townhallcom,Townhall.com,http://www.townhall.com,https://twitter.com/townhallcom,right
4081106480,419695,realDailyWire,The Daily Wire,https://t.co/U0hWl3dzjQ,https://twitter.com/realDailyWire,right
19211550,267921,gatewaypundit,Jim Hoft,https://t.co/9D93JQ9grt,https://twitter.com/gatewaypundit,fake
18851248,139406,AlterNet,AlterNet,http://t.co/RBQOmxkxaR,https://twitter.com/AlterNet,left
41634520,4976273,seanhannity,Sean Hannity,https://t.co/gEpXK0qpWl,https://twitter.com/seanhannity,fake
3135241,230032,RedState,RedState,https://t.co/AwWAso3dte,https://twitter.com/RedState,right
15279429,4870594,VanityFair,VANITY FAIR,http://t.co/THwtnNR9Wy,https://twitter.com/VanityFair,left
282695161,454520,WayneDupreeShow,âœ­ Wayne Dupree âœ­,https://t.co/yxavu617Wm,https://twitter.com/WayneDupreeShow,fake
807095,46804189,nytimes,The New York Times,http://t.co/ahvuWqicF9,https://twitter.com/nytimes,left leaning
19553409,289851,Rasmussen_Poll,Rasmussen Reports,http://t.co/VBD9YCb5bl,https://twitter.com/Rasmussen_Poll,right leaning
2303751216,1137228,FiveThirtyEight,FiveThirtyEight,https://t.co/BDdsHpm7og,https://twitter.com/FiveThirtyEight,center
457984599,1366416,BreitbartNews,Breitbart News,http://t.co/2sVbt3n6lO,https://twitter.com/BreitbartNews,extremely biased right
14173315,7649627,NBCNews,NBC News,https://t.co/Z73is4fJ3x,https://twitter.com/NBCNews,left leaning
10774652,725431,theblaze,TheBlaze,https://t.co/ZNQk8Vwbfj,https://twitter.com/theblaze,right
237888723,46170,BIZPACReview,Conservative News,http://t.co/UboN9Ajx8H,https://twitter.com/BIZPACReview,right
5988062,24844623,TheEconomist,The Economist,https://t.co/pN0OAmG4SP,https://twitter.com/TheEconomist,center
20076659,173974,theMRC,MediaResearchCenter,http://t.co/fnhTFHRZaR,https://twitter.com/theMRC,extremely biased right
14662354,395105,WashTimes,The Washington Times,https://t.co/Ncqu3Y9daA,https://twitter.com/WashTimes,right leaning
49197662,20458,JFlippo1327,Joshua Flippo,https://t.co/e78p5MNu0D,https://twitter.com/JFlippo1327,fake
50434933,244557,LifeNewsHQ,LifeNews.com,http://t.co/cmURRPLJdG,https://twitter.com/LifeNewsHQ,right
15856435,234189,MSN,MSN,http://t.co/AHRGeaMNI5,https://twitter.com/MSN,left leaning
1408003598,240782,FDRLST,The Federalist,http://t.co/7Iw6OCjQCl,https://twitter.com/FDRLST,right
896731633704947712,33500,TPostMillennial,The Post Millennial,https://t.co/9fBSFJArcR,https://twitter.com/TPostMillennial,right
624413,3741861,MarketWatch,MarketWatch,http://t.co/0HcV671qZB,https://twitter.com/MarketWatch,right leaning
1652541,22030613,Reuters,Reuters,http://t.co/BmHxhkm3Mh,https://twitter.com/Reuters,center
14780915,6299330,RollingStone,Rolling Stone,http://t.co/zhpWt9kvuA,https://twitter.com/RollingStone,left
22187085,341778,CREWcrew,Citizens for Ethics,http://t.co/VSJXQLgpKY,https://twitter.com/CREWcrew,left leaning
45564482,1800498,NYMag,New York Magazine,https://t.co/h3Ulh5oQm9,https://twitter.com/NYMag,left
91478624,16064090,Forbes,Forbes,http://t.co/KH6EtekF5q,https://twitter.com/Forbes,right leaning
2347049341,952633,voxdotcom,Vox,http://t.co/RnqX4a68G1,https://twitter.com/voxdotcom,left
878284831,58961,OccupyDemocrats,Occupy Democrats,https://t.co/B5sJVMWRpr,https://twitter.com/OccupyDemocrats,extremely biased left
21536398,672168,GreggJarrett,Gregg Jarrett,https://t.co/bCa80T64zi,https://twitter.com/GreggJarrett,right
43969372,76827,worldnetdaily,WND News,https://t.co/LbLPJiITq0,https://twitter.com/worldnetdaily,fake
46520074,39708,WestJournalism,The Western Journal,https://t.co/FXFM3nzvRz,https://twitter.com/WestJournalism,right
15679641,696358,dallasnews,Dallas Morning News,https://t.co/AsHKI8KMUM,https://twitter.com/dallasnews,right leaning
759251,48553096,CNN,CNN,http://t.co/IaghNW8Xm2,https://twitter.com/CNN,left leaning
469194846,248278,TwitchyTeam,Twitchy Team,http://t.co/uoVtgp6m4Z,https://twitter.com/TwitchyTeam,right
35773039,1945647,TheAtlantic,The Atlantic,http://t.co/pI6FUBgQdl,https://twitter.com/TheAtlantic,left leaning
1947301,1255812,thenation,The Nation,http://t.co/PpzoTPS9,https://twitter.com/thenation,left
455764741,117818,FreeBeacon,Free Beacon,https://t.co/gUiXGLJeif,https://twitter.com/FreeBeacon,extremely biased right
212708176,15917,TheRightScoop,The Right Scoop,http://t.co/Kt72RvdZtW,https://twitter.com/TheRightScoop,extremely biased right
18949452,4096483,FT,Financial Times,http://t.co/dnhLQpd9BY,https://twitter.com/FT,center
15754281,4098871,USATODAY,USA TODAY,http://t.co/7xDl0vVHSt,https://twitter.com/USATODAY,center
19489239,470885,Jerusalem_Post,The Jerusalem Post,https://t.co/0fMbI5pore,https://twitter.com/Jerusalem_Post,right leaning
20094138,171568,RealClearNews,RealClearPolitics,http://t.co/J55LkkCV01,https://twitter.com/RealClearNews,right leaning
18856867,58156,zerohedge,zerohedge,http://t.co/VnB2R3phwV,https://twitter.com/zerohedge,fake
26792275,1119828,ForeignPolicy,Foreign Policy,https://t.co/2sRF45Ny0x,https://twitter.com/ForeignPolicy,center
5392522,8226136,NPR,NPR,http://t.co/SoL86ga4RI,https://twitter.com/NPR,left leaning
3108351,17836200,WSJ,The Wall Street Journal,https://t.co/GhhR6PLfem,https://twitter.com/WSJ,right leaning
16543775,297529,detroitnews,The Detroit News,https://t.co/URpFYPT1hk,https://twitter.com/detroitnews,right leaning
14154145,10843,nicolejames,Nicole Hickman James ðŸŒŠ,https://t.co/m29wZDzfys,https://twitter.com/nicolejames,fake
15669672,200924,PamelaGeller,Geller Report,https://t.co/IlQu5NGTpH,https://twitter.com/PamelaGeller,fake
7313362,1119768,chicagotribune,Chicago Tribune,https://t.co/gaVbUBVQp3,https://twitter.com/chicagotribune,right leaning
1367531,19332388,FoxNews,Fox News,http://t.co/ZYG58XZtAC,https://twitter.com/FoxNews,right
29097819,276865,EpochTimes,The Epoch Times,https://t.co/udZgeB9zvZ,https://twitter.com/EpochTimes,right
51241574,14295537,AP,The Associated Press,https://t.co/48pFaJVRcr,https://twitter.com/AP,center
21344507,184678,factcheckdotorg,FactCheck.org,http://t.co/YUI3mJg3Ll,https://twitter.com/factcheckdotorg,center
3066129832,13743,TheNatPulse,The National Pulse ðŸš¨,https://t.co/lRSCAfObo4,https://twitter.com/TheNatPulse,extremely biased right
350882124,18304,pesachlattin,P A C E,https://t.co/PuiGxkmRfz,https://twitter.com/pesachlattin,extremely biased left
3226282347,412562,thisisinsider,Insider,https://t.co/JejIqbmRVn,https://twitter.com/thisisinsider,center
18643437,1172620,PrisonPlanet,Paul Joseph Watson,https://t.co/o9oVZqB9wC,https://twitter.com/PrisonPlanet,fake
16269666,344940,Bossip,Bossip,https://t.co/9tpVao3QdF,https://twitter.com/Bossip,extremely biased left
84794343,893,CKeirns,Clayton Keirns,https://t.co/f2D2Ekn3af,https://twitter.com/CKeirns,right
18247062,1711740,JudicialWatch,Judicial Watch ðŸ”Ž,https://t.co/JPjqvKy5es,https://twitter.com/JudicialWatch,fake
487600344,145570,Bipartisanism,Bipartisan Report,https://t.co/SOiKIzZMUE,https://twitter.com/Bipartisanism,extremely biased left
1151261114384171008,3920,NationalFile,National File,https://t.co/77SC8YH9o1,https://twitter.com/NationalFile,fake
34109146,45149,AmericanThinker,American Thinker,http://t.co/QwipgV1i6c,https://twitter.com/AmericanThinker,extremely biased right
808080314,4417,rumblevideo,Rumble,https://t.co/AlNgmn7ppp,https://twitter.com/rumblevideo,fake
56413858,804980,FoxBusiness,FOX Business,http://t.co/bfM3iji7VB,https://twitter.com/FoxBusiness,right leaning
25946632,28221,rdevro,Ryan Devereaux,https://t.co/8yzUs0YeQN,https://twitter.com/rdevro,left
13850422,3566059,CNNPolitics,CNN Politics,https://t.co/KWFMkrEjdY,https://twitter.com/CNNPolitics,left leaning
788524,3289627,guardiannews,Guardian news,https://t.co/PJxUC0RWyr,https://twitter.com/guardiannews,left leaning
16042794,205711,GuardianUS,Guardian US,http://t.co/PdR19XDNvY,https://twitter.com/GuardianUS,left leaning
5695632,6546621,BuzzFeed,BuzzFeed,https://t.co/iiAufe34NG,https://twitter.com/BuzzFeed,left leaning
15438913,2556899,MailOnline,Daily Mail Online,https://t.co/fT7KB2eXic,https://twitter.com/MailOnline,extremely biased right
771388593130483712,103784,11thHour,11th Hour,https://t.co/dsYli3lp2y,https://twitter.com/11thHour,left
14275129,134209,guardianopinion,Guardian Opinion,http://t.co/ib5x8BY8tt,https://twitter.com/guardianopinion,left leaning
564111558,318973,bpolitics,Bloomberg Politics,https://t.co/WKcMOZ5wH4,https://twitter.com/bpolitics,left leaning
4898091,6628369,FinancialTimes,Financial Times,http://t.co/177fJYDjdc,https://twitter.com/FinancialTimes,center
14412533,661462,CillizzaCNN,Chris Cillizza,https://t.co/VM2JQsQH6X,https://twitter.com/CillizzaCNN,left leaning
11856422,1028119,NBCNewsHealth,NBC News Health,http://t.co/K1Y5iPidy8,https://twitter.com/NBCNewsHealth,left leaning
156651229,486106,guardianworld,Guardian World,http://t.co/jB0r7MX2D9,https://twitter.com/guardianworld,left leaning
334944709,70316,ReutersLegal,Reuters Legal,http://t.co/1ieQ0oqtS4,https://twitter.com/ReutersLegal,center
16686144,750998,nytopinion,New York Times Opinion,https://t.co/oy7Q8cSQqk,https://twitter.com/nytopinion,left leaning
16334139,197815,wbz,WBZ | CBS Boston News,http://t.co/aav3LH2nK4,https://twitter.com/wbz,left leaning
67358777,1689321,BW,Businessweek,http://t.co/zrq8V8qtJa,https://twitter.com/BW,left leaning
204967872,30154,FreeSpeechAmer,Free Speech America,https://t.co/S8BiALf3YG,https://twitter.com/FreeSpeechAmer,extremely biased right
540911255,24173,TheIndyFilm,Independent Film,https://t.co/T51DHqrtpp,https://twitter.com/TheIndyFilm,left leaning
2976653309,35135,IndyUSA,Independent US,https://t.co/pjX8N8cRFy,https://twitter.com/IndyUSA,left leaning
144274618,154342,economics,Bloomberg Economics,http://t.co/lP1MZLQcCO,https://twitter.com/economics,left leaning
46403451,814787,guardian_sport,Guardian sport,https://t.co/YJoNLFSjE2,https://twitter.com/guardian_sport,left leaning
25562002,271030,ReutersPolitics,Reuters Politics,http://t.co/9WYK91SfY3,https://twitter.com/ReutersPolitics,center
11856892,633836,MeetThePress,Meet the Press,https://t.co/uqtRXPrjFZ,https://twitter.com/MeetThePress,left leaning
25080738,35249,IndyWorld,Indy World,http://t.co/B8Bt96ld8r,https://twitter.com/IndyWorld,left leaning
742143,28277484,BBCWorld,BBC News (World),https://t.co/7NEgoMwJy3,https://twitter.com/BBCWorld,center
69329527,268530,BBCNorthAmerica,BBC North America,https://t.co/7NEgoMwJy3,https://twitter.com/BBCNorthAmerica,center
145724592,121009,CNNbelief,CNN Religion,http://t.co/Ednp3Ut8Z1,https://twitter.com/CNNbelief,left leaning
800707492346925056,359036,axios,Axios,https://t.co/2o3tCObc9E,https://twitter.com/axios,left leaning
17112878,192175,CNNSotu,State of the Union,https://t.co/eBi9jSp7W6,https://twitter.com/CNNSotu,left leaning
381724050,14253,CNBCPolitics,CNBC Politics,https://t.co/PPMcgQzqnZ,https://twitter.com/CNBCPolitics,left leaning
15679641,696358,dallasnews,Dallas Morning News,https://t.co/AsHKI8KMUM,https://twitter.com/dallasnews,right leaning
31105169,36507,IndyPolitics,Indy Politics,http://t.co/ENon5VCZ03,https://twitter.com/IndyPolitics,left leaning
335455570,315101,ReutersWorld,Reuters World,http://t.co/JbUVLhI6K3,https://twitter.com/ReutersWorld,center
298158534,15762,NYPostOpinion,NY Post Opinion,http://t.co/Bs4w8L29S2,https://twitter.com/NYPostOpinion,right leaning
133052366,21337,usatodayopinion,USA TODAY Opinion,http://t.co/aUSo7PKOZv,https://twitter.com/usatodayopinion,center
16311797,143243,WSJPolitics,Capital Journal,http://t.co/ne9s9IHTD7,https://twitter.com/WSJPolitics,right leaning
14885549,2691350,ForbesTech,Forbes Tech,https://t.co/rgVdhzEYhw,https://twitter.com/ForbesTech,right leaning
902282851499917312,130768,ForbesCrypto,Forbes Crypto,https://t.co/8N2szJcL2a,https://twitter.com/ForbesCrypto,right leaning
14085099,189607,KDKA,KDKA,http://t.co/3XsHnPGPGP,https://twitter.com/KDKA,left leaning
13787352,1007308,NPRHealth,NPR Health News,http://t.co/P8jUOXYRC9,https://twitter.com/NPRHealth,left leaning
846493376,38290,Cap_Institute,Capitalism Institute,http://t.co/WTgg5bd7B2,https://twitter.com/Cap_Institute,right
32353291,102107,EconUS,The Economist,http://t.co/2XPJypnRUe,https://twitter.com/EconUS,center
524235256,98810,IndyFootball,Indy Football,https://t.co/VXlHUtHZPr,https://twitter.com/IndyFootball,left leaning
860123351154556928,257512,DeadlineWH,Deadline White House,https://t.co/xxPQZpXxwx,https://twitter.com/DeadlineWH,left
24619328,50006,DKElections,Daily Kos Elections,http://t.co/5dHMSM87hB,https://twitter.com/DKElections,left
16334857,801116,WSJecon,Real Time Economics,http://t.co/YsVFhu9IQ6,https://twitter.com/WSJecon,right leaning
5741722,2873748,nprpolitics,NPR Politics,https://t.co/46mWjkSa5C,https://twitter.com/nprpolitics,left leaning
3413058154,35941,middleeast,Bloomberg Middle East,https://t.co/mEEwYljIya,https://twitter.com/middleeast,left leaning
293012979,12176,latimespolitics,L.A. Times Politics,https://t.co/oJeNvoZKj3,https://twitter.com/latimespolitics,left leaning
377949581,75485,NBCLatino,NBC Latino,https://t.co/7rIJ6kbFhR,https://twitter.com/NBCLatino,left leaning
16334281,102670,CBSMiami,CBS4 Miami,http://t.co/yvLh9O4gB3,https://twitter.com/CBSMiami,left leaning
20562637,2979852,businessinsider,Business Insider,https://t.co/qJiLYVC7Jx,https://twitter.com/businessinsider,center
19898168,120973,CNBCi,CNBC International,https://t.co/Dl8oIjaOld,https://twitter.com/CNBCi,left leaning
16657699,98850,KPIXtv,KPIX 5,https://t.co/GQioF0T8Q9,https://twitter.com/KPIXtv,left leaning
24920395,254532,wjz,WJZ | CBS Baltimore,https://t.co/UfAKCVc9iI,https://twitter.com/wjz,left leaning
13787402,247836,nprscience,NPR Science Desk,https://t.co/PIct98z2QE,https://twitter.com/nprscience,left leaning
15110357,2110504,ReutersBiz,Reuters Business,http://t.co/PsQMvEFldh,https://twitter.com/ReutersBiz,center
8036392,91471,NBCNewsNow,NBC News NOW,https://t.co/C2ejYb9499,https://twitter.com/NBCNewsNow,left leaning
11856032,582782,NBCPolitics,NBC Politics,https://t.co/aSm5RbuWs3,https://twitter.com/NBCPolitics,left leaning
47633485,200169,ReutersIran,Reuters Iran,https://t.co/oiKYs9PJS4,https://twitter.com/ReutersIran,center
28164923,562683,WSJmarkets,WSJ Markets,http://t.co/8OAhIp5zZM,https://twitter.com/WSJmarkets,right leaning
1769551,1186859,NYTHealth,NYT Health,http://t.co/0tRURWh5Jl,https://twitter.com/NYTHealth,left leaning
74552263,44170,LifeNewsToo,LifeNews,http://t.co/cmURRPLJdG,https://twitter.com/LifeNewsToo,right
1435461,1162784,NYTScience,NYT Science,http://t.co/cX1kVgB2CK,https://twitter.com/NYTScience,left leaning
792155928,19104,TPNN_ThePoint,The Point,https://t.co/KHDsMxwudE,https://twitter.com/TPNN_ThePoint,right
14603515,89510,nytclimate,NYT Climate,https://t.co/zGJ4T9rCnp,https://twitter.com/nytclimate,left leaning
22001973,2159732,GuardianBooks,Guardian Books,http://t.co/952FKQhnU7,https://twitter.com/GuardianBooks,left leaning
16955870,235544,UpshotNYT,The Upshot,https://t.co/BC1fmUfuVN,https://twitter.com/UpshotNYT,left leaning
69620713,690036,markets,Bloomberg Markets,http://t.co/coh4LwCPeW,https://twitter.com/markets,left leaning
633913281,151272,ReutersVzla,Reuters Venezuela,https://t.co/I7xenGsOEx,https://twitter.com/ReutersVzla,center
20150502,256920,MorningEdition,Morning Edition,https://t.co/bCNbukeNjA,https://twitter.com/MorningEdition,left leaning
17825891,20033,latimesopinion,L.A. Times Opinion,https://t.co/7UMBEmrydx,https://twitter.com/latimesopinion,left leaning
13000872,230778,WCCO,WCCO - CBS Minnesota,https://t.co/Lfs9D6XoAP,https://twitter.com/WCCO,left leaning
553721053,29944,govttrader,ZeroHedge,https://t.co/eeMlIHv3CW,https://twitter.com/govttrader,fake
2339238427,95735,BreitbartLondon,Breitbart London,https://t.co/KcAQqyoFgs,https://twitter.com/BreitbartLondon,extremely biased right
7998482,212224,usatodayDC,USA TODAY Politics,https://t.co/2eHjV3emk3,https://twitter.com/usatodayDC,center
11611052,161659,foxnewsradio,FOX News Radio,https://t.co/HRq0UZwTpj,https://twitter.com/foxnewsradio,right
25562270,182836,ReutersTech,Reuters Tech News,http://t.co/z7IbXwr0TR,https://twitter.com/ReutersTech,center
22097192,32298,SlateGabfest,Slate Political Gabfest,https://t.co/oqgKXoSNId,https://twitter.com/SlateGabfest,left
1548489476,81832,POLITICOMag,POLITICO Magazine,http://t.co/o4DemqxHzp,https://twitter.com/POLITICOMag,left leaning
6017542,9564579,BreakingNews,Breaking News,https://t.co/yjD4mOeepa,https://twitter.com/BreakingNews,left leaning
1020058453,1360959,BuzzFeedNews,BuzzFeed News,https://t.co/TB5H6ABM1k,https://twitter.com/BuzzFeedNews,left leaning
24928809,238119,CBSLA,CBS Los Angeles,http://t.co/UG5Q3S72j8,https://twitter.com/CBSLA,left leaning
20582958,485293,guardianeco,Guardian Environment,https://t.co/IrYc3fUv80,https://twitter.com/guardianeco,left leaning
7905122,2509227,guardiantech,Guardian Tech,http://t.co/OEvaPZ8n3c,https://twitter.com/guardiantech,left leaning
111556423,462657,DailyMailUK,Daily Mail U.K.,http://t.co/nRGzxnMROY,https://twitter.com/DailyMailUK,extremely biased right
218289790,21941,NBCInvestigates,NBC Investigations,http://t.co/BaTsG0WF3J,https://twitter.com/NBCInvestigates,left leaning
1434251,5489706,nytimesbooks,New York Times Books,https://t.co/NrQGZFrMS2,https://twitter.com/nytimesbooks,left leaning
18767699,291373,CBSPolitics,CBS News Politics,http://t.co/f0fI5c03,https://twitter.com/CBSPolitics,left leaning
26574283,519736,CNBCnow,CNBC Now,https://t.co/xNSucapdhO,https://twitter.com/CNBCnow,left leaning
28342308,19670,guardianweekly,Guardian Weekly,http://t.co/UfLeqKETyR,https://twitter.com/guardianweekly,left leaning
40974333,35907,npralltech,All Tech Considered,https://t.co/ZfUwCxULpz,https://twitter.com/npralltech,left leaning
13784532,78241,NPRWeekend,Weekend Edition,http://t.co/Q7k3NLzNja,https://twitter.com/NPRWeekend,left leaning
13784642,785521,nprbooks,NPR Books,http://t.co/wIRRpdUfdR,https://twitter.com/nprbooks,left leaning
428333,58099143,cnnbrk,CNN Breaking News,http://t.co/HjKR4r61U5,https://twitter.com/cnnbrk,left leaning
13784492,20041,nprbusiness,NPR Business,http://t.co/7Vm2rqhNhf,https://twitter.com/nprbusiness,left leaning
1879831,686271,NYTStyles,NYT Styles,https://t.co/UQrFyVUnSs,https://twitter.com/NYTStyles,left leaning
46400289,108068,guardianculture,Guardian culture,http://t.co/TSkPdslt70,https://twitter.com/guardianculture,left leaning
1017383741919023104,28009,ObserverUK,The Observer,https://t.co/SXsSU0nBqo,https://twitter.com/ObserverUK,left leaning
259074538,95392,CNNOpinion,CNN Opinion,https://t.co/4L8STUIXSg,https://twitter.com/CNNOpinion,left leaning
14434063,486204,nytpolitics,NYT Politics,https://t.co/DYX7dqlKgz,https://twitter.com/nytpolitics,left leaning
17308878,32610,IndyMusic,Independent Music,https://t.co/4tjQFWYC7v,https://twitter.com/IndyMusic,left leaning
145648706,44438,IndyArts,Independent Arts,https://t.co/zWGPPZDtz0,https://twitter.com/IndyArts,left leaning
16929349,972969,NYTFashion,NYT Fashion,http://t.co/X1ogjEYFaD,https://twitter.com/NYTFashion,left leaning
13783772,288332,nprfreshair,Fresh Air,https://t.co/6d87p8omMK,https://twitter.com/nprfreshair,left leaning
97673156,4671,EpochTimesCan,Epoch Times Canada,https://t.co/AmqwNkwVfJ,https://twitter.com/EpochTimesCan,right
361342191,297814,OutFrontCNN,OutFrontCNN,https://t.co/ohYB7WijK3,https://twitter.com/OutFrontCNN,left leaning
295793915,30586,BloombergNRG,Bloomberg Energy,http://t.co/2v790wUnrB,https://twitter.com/BloombergNRG,left leaning
182828968,30152,ftdata,FT Data,https://t.co/S0W82XNeNv,https://twitter.com/ftdata,center
28160998,708598,WSJhealth,WSJ Health News,https://t.co/qfujnzGUpd,https://twitter.com/WSJhealth,right leaning
20777057,11001,DetNewsOpinion,Detroit News Opinion,http://t.co/viUpAYlUXE,https://twitter.com/DetNewsOpinion,right leaning
16032925,1949810,foxnewspolitics,Fox News Politics,http://t.co/hp4EoFaNoR,https://twitter.com/foxnewspolitics,right
1767741,83569,NYTNational,NYT National News,https://t.co/qHof5XpNPj,https://twitter.com/NYTNational,left leaning
15222806,144747,NYTMetro,NYT Metro,https://t.co/g4LWJKJfQv,https://twitter.com/NYTMetro,left leaning
11856482,768951,NBCNewsTech,NBC News Tech,https://t.co/I9S0TBXkeI,https://twitter.com/NBCNewsTech,left leaning
18000662,25253,TownhallMedia,Townhall Media,https://t.co/c9ciwEcArw,https://twitter.com/TownhallMedia,right
36992781,12622,CNBCPro,CNBC Pro,http://t.co/sZ2lsTn4bo,https://twitter.com/CNBCPro,left leaning
763876920,4681,FoxNewsMMR,Fox News MMR,https://t.co/6k7f1y444A,https://twitter.com/FoxNewsMMR,right
16299627,162581,CBSNewYork,CBS New York,http://t.co/hOjUTWYTz4,https://twitter.com/CBSNewYork,left leaning
16732770,349611,CNBCFastMoney,CNBC's Fast Money,https://t.co/g476qiApSd,https://twitter.com/CNBCFastMoney,left leaning
1278852289,34331,TradingNation,Trading Nation,https://t.co/imjoyFCi45,https://twitter.com/TradingNation,left leaning
16996182,32069,IndySport,Indy Sport,https://t.co/xHj5iu2yzI,https://twitter.com/IndySport,left leaning
3760236855,20785,RTSportNews,RT Sport,https://t.co/XuRgLT413Z,https://twitter.com/RTSportNews,fake
15764001,241031,usatodaysports,USA TODAY Sports,https://t.co/Yvdk6BWiQ3,https://twitter.com/usatodaysports,center
842423007834443777,43044,UpFirst,Up First,https://t.co/jbpUCj0low,https://twitter.com/UpFirst,left leaning
47636400,252127,GdnPolitics,Guardian politics,https://t.co/XyREEk13jX,https://twitter.com/GdnPolitics,left leaning
21581503,1101100,guardianscience,Guardian Science,http://t.co/9gqqJjrZsc,https://twitter.com/guardianscience,left leaning
42191735,27133,guardiang2,Guardian G2,http://t.co/jJB9oMEjzi,https://twitter.com/guardiang2,left leaning
14684826,22860,msnuk,MSN UK,https://t.co/p4ycDIhvG8,https://twitter.com/msnuk,left leaning
2217181338,77673,conserv_tribune,Conservative Tribune,https://t.co/oSCU7KdFT5,https://twitter.com/conserv_tribune,right
16746076,78230,clusterstock,Finance Insider,http://t.co/WIb2HLT9Qd,https://twitter.com/clusterstock,center
205864193,468187,hardball,Hardball,https://t.co/AyDhXmdr7s,https://twitter.com/hardball,left
1440641,2664345,nytimesarts,New York Times Arts,http://t.co/0H74AaBX8Y,https://twitter.com/nytimesarts,left leaning
82669742,61961,ForbesSports,Forbes SportsMoney,https://t.co/ZioKeu42Oh,https://twitter.com/ForbesSports,right leaning
540894116,13948,TheIndyTV,Independent TV,https://t.co/81gN7Lzmgr,https://twitter.com/TheIndyTV,left leaning
7228682,100775,WSJopinion,WSJ Editorial Page,http://t.co/twR5wu5ZV4,https://twitter.com/WSJopinion,right leaning
1754641,797456,nytimesbusiness,NYT Business,http://t.co/OKrfdBy4ch,https://twitter.com/nytimesbusiness,left leaning
197029530,16321,SportsInsider,Sports Insider,http://t.co/S3xIsmRPAc,https://twitter.com/SportsInsider,center
25070893,122145,BusinessDesk,Guardian Business,http://t.co/ymWM1aBrGU,https://twitter.com/BusinessDesk,left leaning
8841372,1282044,SAI,Business Insider Tech,http://t.co/WTYREgWa73,https://twitter.com/SAI,center
17293601,10271,dmn_mavericks,SportsDay Mavs,https://t.co/VwnwYUTSE6,https://twitter.com/dmn_mavericks,right leaning
163058272,10507,MSNSouthAfrica,MSN South Africa,http://t.co/LP7pXl8eNT,https://twitter.com/MSNSouthAfrica,left leaning
2598076226,997,WashExam_Press,Washington Examiner Press,https://t.co/BPti2PoRGE,https://twitter.com/WashExam_Press,right
2415053456,99923,CNNTonight,CNN Tonight,https://t.co/IaghNWqyKC,https://twitter.com/CNNTonight,left leaning
707512656,43642,NPRGoatsandSoda,NPR Goats & Soda,http://t.co/fpi2bCbGPB,https://twitter.com/NPRGoatsandSoda,left leaning
442782547,175889,BBCIndia,BBC News India,https://t.co/JH4QquyIt2,https://twitter.com/BBCIndia,center
488679352,146410,FoxFriendsFirst,Fox & Friends First,https://t.co/MRXxK175FJ,https://twitter.com/FoxFriendsFirst,right
24016767,748953,usatodaytravel,USA TODAY Travel,http://t.co/p0YhOajkZM,https://twitter.com/usatodaytravel,center
3390247768,13239,BreitbartTech,Breitbart Tech,https://t.co/o9emWNgTBy,https://twitter.com/BreitbartTech,extremely biased right
957323252187172864,19433,today_explained,"Today, Explained",https://t.co/qjUw7uzqBq,https://twitter.com/today_explained,left
11857072,173227,MSNBC_Breaking,MSNBC Breaking News,https://t.co/5TAF6ijWwt,https://twitter.com/MSNBC_Breaking,left
1217213360846069760,479,EpochOpinion,Epoch Times Opinion,https://t.co/zlp9vwugV4,https://twitter.com/EpochOpinion,right
456806128,126097,BuzzFeedPol,BuzzFeed Politics,http://t.co/cVReu0Zw0n,https://twitter.com/BuzzFeedPol,left leaning
40533912,124287,MSN_Money,MSN Money,http://t.co/SuwkDify0t,https://twitter.com/MSN_Money,left leaning
53372965,143444,IndyTravel,Independent Travel,http://t.co/eC0MTYg7fr,https://twitter.com/IndyTravel,left leaning
15764136,434690,USATODAYmoney,USA TODAY Money,http://t.co/4axA3bBZxi,https://twitter.com/USATODAYmoney,center
1843791936,21439,BuzzFeedScience,BuzzFeed Science,https://t.co/TB5H6ABM1k,https://twitter.com/BuzzFeedScience,left leaning
945745755339411460,30183,AymanMSNBC,MSNBC Live with Ayman Mohyeldin,https://t.co/YBwtJIhwY3,https://twitter.com/AymanMSNBC,left
331803536,236612,CityLab,Bloomberg CityLab,https://t.co/4rGJ63W2BA,https://twitter.com/CityLab,left leaning
3239058521,11790,NYTvows,NYTimes Vows,https://t.co/0ZwGdsfm6K,https://twitter.com/NYTvows,right leaning
46628303,95818,guardianstage,Guardian Stage,http://t.co/rQepUIUGnO,https://twitter.com/guardianstage,left leaning
206257572,15002,BreitbartVideo,Breitbart.TV,https://t.co/3U9DKUap9d,https://twitter.com/BreitbartVideo,extremely biased right
3974747237,24819,WSJscience,WSJ Science,https://t.co/BMM9n7thmT,https://twitter.com/WSJscience,right leaning
52854513,26706,guardianreview,Guardian Review,https://t.co/yztTpn1Vzv,https://twitter.com/guardianreview,left leaning
23767397,19217,IndyFashion,Indy Fashion,https://t.co/HehHRhcZof,https://twitter.com/IndyFashion,left leaning
1433652877,56258,BBGVisualData,Bloomberg Graphics,http://t.co/77VRckfPDX,https://twitter.com/BBGVisualData,left leaning
18164662,183028,usatodaytech,USA TODAY Tech,http://t.co/BXvXfwExy6,https://twitter.com/usatodaytech,center
14434070,287025,nytimestech,NYTimes Tech,http://t.co/XaZCeioBAC,https://twitter.com/nytimestech,left leaning
15912441,20549,latimesimage,L.A. Times Fashion,http://t.co/mtDT5Vyu7l,https://twitter.com/latimesimage,left leaning
3131353587,15560,reader,BuzzFeed Reader,https://t.co/6JiAuaQGUi,https://twitter.com/reader,left leaning
11856142,359209,NBCNewsBusiness,NBC News Business,https://t.co/iS90JJM8aQ,https://twitter.com/NBCNewsBusiness,left leaning
18800265,364557,guardianfilm,Guardian Film,http://t.co/8TGVu7iNA9,https://twitter.com/guardianfilm,left leaning
905416143313219584,19784,NBCNewsTHINK,NBC News THINK,https://t.co/9ukmwoD5NL,https://twitter.com/NBCNewsTHINK,left leaning
26077026,342167,USATODAYhealth,USA TODAY Health,https://t.co/6BjcxjdLIN,https://twitter.com/USATODAYhealth,center
117445602,14712,AtlanticLIVE,AtlanticLIVE,http://t.co/18bKLTIIYB,https://twitter.com/AtlanticLIVE,left leaning
24907913,281845,GuardianEdu,Guardian Education,https://t.co/ec2YxvCC6D,https://twitter.com/GuardianEdu,left leaning
308442339,41527,GuardianFashion,Guardian Fashion,http://t.co/RnMJXd5ISR,https://twitter.com/GuardianFashion,left leaning
28167086,33728,WSJheard,Heard on the Street,http://t.co/slYfV00EHD,https://twitter.com/WSJheard,right leaning
169021842,222421,GdnDevelopment,Global Development,http://t.co/8xatQ875UP,https://twitter.com/GdnDevelopment,left leaning
2459771455,60291,npr_ed,NPR's Education Team,https://t.co/xNPnRQe2NY,https://twitter.com/npr_ed,left leaning
111556877,58905,Femail,Daily Mail Femail,http://t.co/chOhtumiTX,https://twitter.com/Femail,extremely biased right
46393803,49904,guideguardian,The Guardian Guide,https://t.co/oqFoyPJq5K,https://twitter.com/guideguardian,left leaning
1288653700349571072,394,AuEpochTimes,The Epoch Times Australia,https://t.co/JhX5azWwCn,https://twitter.com/AuEpochTimes,right
34310801,503803,CNNSitRoom,The Situation Room,http://t.co/9Ohl84xOrq,https://twitter.com/CNNSitRoom,left leaning
360080772,25320,FoxReports,Lauren Fox,https://t.co/IaghNWqyKC,https://twitter.com/FoxReports,left leaning
15178186,402664,guardianmusic,Guardian music,http://t.co/e7463GC4ZL,https://twitter.com/guardianmusic,left leaning
86640232,169149,nytgraphics,NYT Graphics,http://t.co/RWXhcxY5rv,https://twitter.com/nytgraphics,left leaning
59747041,23694,GuardianVisuals,Guardian Visuals,https://t.co/usuktzq7ne,https://twitter.com/GuardianVisuals,left leaning
1283526147721039877,238,NRCapMatters,Capital Matters,https://t.co/zavzs8d6N6,https://twitter.com/NRCapMatters,right
78576733,12715,indybooks,Independent Books,http://t.co/HDjJhSawTv,https://twitter.com/indybooks,left leaning
32717799,24163,ForbesAdvisor,Forbes Advisor,https://t.co/jwsGOkV8AH,https://twitter.com/ForbesAdvisor,right leaning
72911037,30268,CNBCPrimeTV,CNBC Prime,https://t.co/C1fN3cwP6H,https://twitter.com/CNBCPrimeTV,left leaning
1207654748,53914,BBC_Culture,BBC Culture,https://t.co/a921ATFCrO,https://twitter.com/BBC_Culture,center
37681531,12265,WSJPodcasts,WSJ Podcasts,https://t.co/wxM5JZD5ge,https://twitter.com/WSJPodcasts,right leaning
25067343,56426,usatodaynba,USA TODAY NBA,https://t.co/TcPzNeZrYZ,https://twitter.com/usatodaynba,center
3224616765,322708,techinsider,Tech Insider,http://t.co/Fp1fi3LC2G,https://twitter.com/techinsider,center
45577446,440119,HuffPostGreen,HuffPost Green,https://t.co/4yDhGeCLIf,https://twitter.com/HuffPostGreen,left
486153508,98127,fwd,BuzzFeed Tech,http://t.co/NYH08KdxeS,https://twitter.com/fwd,left leaning
15905103,367973,planetmoney,NPR's Planet Money,https://t.co/8JhiU1XNWA,https://twitter.com/planetmoney,left leaning
20235950,36302,guardianmoney,Guardian Money,http://t.co/3PYwjNWHmm,https://twitter.com/guardianmoney,left leaning
28144343,129370,WSJLawNews,WSJ Law News,https://t.co/GhhR6PLfem,https://twitter.com/WSJLawNews,right leaning
17918891,569765,latimesphotos,L.A. Times Photos,https://t.co/ifWgDV99W6,https://twitter.com/latimesphotos,left leaning
91388801,21213,guardianphotos,Guardian photos,http://t.co/ocKQ55hWOr,https://twitter.com/guardianphotos,left leaning
22930236,54662,LifeandStyle,Lifestyle,http://t.co/kPKfXIFfCD,https://twitter.com/LifeandStyle,left leaning
2853449164,84842,gdnlongread,The Guardian Long Read,http://t.co/ilVKVTl57G,https://twitter.com/gdnlongread,left leaning
28165046,32888,WSJPE,WSJ Private Equity,https://t.co/CF2JTazkWa,https://twitter.com/WSJPE,right leaning
15919455,35974,WSJVC,WSJ Venture Capital,https://t.co/GUkDVzPVbd,https://twitter.com/WSJVC,right leaning
547860279,78282,ReliableSources,Reliable Sources,https://t.co/lYMx3bQjoO,https://twitter.com/ReliableSources,left leaning
41207697,6816,WashTimesOpEd,WashTimesOpinion,http://t.co/5rOCooRs3d,https://twitter.com/WashTimesOpEd,right leaning
8839632,1007603,NBCNightlyNews,NBC Nightly News with Lester Holt,https://t.co/siVgviWIA1,https://twitter.com/NBCNightlyNews,left leaning
1179092476931579909,3349,NRWire,National Review News Wire,https://t.co/fzktNXvr74,https://twitter.com/NRWire,right
1049475664804531968,0,BulwarkOnline,The Bulwark,thebulwark.com,https://twitter.com/BulwarkOnline,right leaning
19701628,0,BBC,BBC,bbc.com,https://twitter.com/BBC,center
800707492346924928,0,axios,Axios,axios.com,https://twitter.com/axios,left leaning
1199400063086273024,0,LancasterCouri1,Lancaster Courier,lancastercourier.com,https://twitter.com/LancasterCouri1,extremely biased left
